{"cameraMode":{"drawMode":0,"name":"Shaded","section":"Shading Mode"},"sceneLighting":true,"audioPlay":false,"sceneViewState":{"m_AlwaysRefresh":false,"showFog":true,"showSkybox":true,"showFlares":true,"showImageEffects":true,"showParticleSystems":true,"showVisualEffectGraphs":true,"m_FxEnabled":true},"in2DMode":false,"pivot":{"x":937.1417236328125,"y":551.4046630859375,"z":-1003.69091796875},"rotation":{"x":0.007809788454324007,"y":0.01708502508699894,"z":-0.00014228236977942288,"w":0.9998908638954163},"size":12.12435531616211,"orthographic":false}